,Coluna,Média
0,Combination,65.625
2,Normal,65.21739130434783
1,Dry,61.41304347826087
3,Oily,60.733695652173914
4,Sensitive,51.358695652173914
